constructorId,year,driverId,forename,surname,total_points,num_races
22,1994,30,Michael,Schumacher,92,14
3,1994,71,Damon,Hill,91,16
6,1994,55,Jean,Alesi,24,14
17,1994,22,Rubens,Barrichello,19,16
25,1994,79,Ukyo,Katayama,5,16
15,1994,91,Karl,Wendlinger,4,4
32,1994,65,Johnny,Herbert,0,13
18,1994,94,Pierluigi,Martini,4,16
33,1994,100,Érik,Comas,2,15
32,1994,83,Pedro,Lamy,0,4
27,1994,44,Olivier,Panis,9,16
31,1994,101,David,Brabham,0,16
3,1994,102,Ayrton,Senna,0,3
1,1994,84,Martin,Brundle,16,16
17,1994,56,Eddie,Irvine,6,13
22,1994,50,Jos,Verstappen,10,10
27,1994,103,Éric,Bernard,4,13
25,1994,87,Mark,Blundell,8,16
29,1994,104,Christian,Fittipaldi,6,16
15,1994,49,Heinz-Harald,Frentzen,7,16
1,1994,57,Mika,Häkkinen,26,15
18,1994,105,Michele,Alboreto,1,16
29,1994,81,Gianni,Morbidelli,3,16
6,1994,77,Gerhard,Berger,41,16
33,1994,106,Olivier,Beretta,0,10
30,1994,92,Bertrand,Gachot,0,16
31,1994,107,Roland,Ratzenberger,0,3
30,1994,108,Paul,Belmondo,0,16
17,1994,88,Aguri,Suzuki,0,1
6,1994,78,Nicola,Larini,6,2
17,1994,110,Andrea,"de Cesaris",3,2
22,1994,109,Jyrki,Järvilehto,1,6
32,1994,70,Alessandro,Zanardi,0,10
3,1994,14,David,Coulthard,14,8
31,1994,85,Andrea,Montermini,0,1
15,1994,110,Andrea,"de Cesaris",1,9
31,1994,111,Jean-Marc,Gounon,0,7
3,1994,95,Nigel,Mansell,13,4
1,1994,112,Philippe,Alliot,0,1
32,1994,113,Philippe,Adams,0,2
33,1994,112,Philippe,Alliot,0,1
33,1994,114,Yannick,Dalmas,0,2
27,1994,65,Johnny,Herbert,0,1
32,1994,103,Éric,Bernard,0,1
31,1994,93,Domenico,Schiattarella,0,2
33,1994,115,Hideki,Noda,0,3
32,1994,63,Mika,Salo,0,2
27,1994,116,Franck,Lagorce,0,2
22,1994,65,Johnny,Herbert,0,2
31,1994,89,Taki,Inoue,0,1
15,1994,109,Jyrki,Järvilehto,0,2
33,1994,98,Jean-Denis,Délétraz,0,1
22,1995,30,Michael,Schumacher,102,17
3,1995,14,David,Coulthard,49,17
6,1995,77,Gerhard,Berger,31,17
1,1995,57,Mika,Häkkinen,17,16
6,1995,55,Jean,Alesi,42,17
1,1995,87,Mark,Blundell,13,15
25,1995,63,Mika,Salo,5,17
27,1995,88,Aguri,Suzuki,1,6
30,1995,85,Andrea,Montermini,0,17
28,1995,64,Pedro,Diniz,0,17
29,1995,81,Gianni,Morbidelli,5,10
29,1995,89,Taki,Inoue,0,17
18,1995,69,Luca,Badoer,0,17
28,1995,90,Roberto,Moreno,0,17
15,1995,91,Karl,Wendlinger,0,6
3,1995,71,Damon,Hill,69,17
22,1995,65,Johnny,Herbert,45,17
30,1995,92,Bertrand,Gachot,0,11
17,1995,22,Rubens,Barrichello,11,17
31,1995,50,Jos,Verstappen,0,5
25,1995,79,Ukyo,Katayama,0,16
17,1995,56,Eddie,Irvine,10,17
31,1995,93,Domenico,Schiattarella,0,5
15,1995,49,Heinz-Harald,Frentzen,15,17
27,1995,44,Olivier,Panis,16,17
18,1995,94,Pierluigi,Martini,0,9
1,1995,95,Nigel,Mansell,0,2
27,1995,84,Martin,Brundle,7,11
15,1995,96,Jean-Christophe,Boullion,3,11
29,1995,97,Massimiliano,Papis,0,7
30,1995,86,Giovanni,Lavaggi,0,4
18,1995,83,Pedro,Lamy,1,8
30,1995,98,Jean-Denis,Délétraz,0,2
25,1995,99,Gabriele,Tarquini,0,1
1,1995,76,Jan,Magnussen,0,1
3,1996,71,Damon,Hill,97,16
3,1996,35,Jacques,Villeneuve,78,16
6,1996,56,Eddie,Irvine,11,16
22,1996,77,Gerhard,Berger,21,16
1,1996,57,Mika,Häkkinen,31,16
25,1996,63,Mika,Salo,5,16
27,1996,44,Olivier,Panis,13,16
15,1996,49,Heinz-Harald,Frentzen,7,16
29,1996,73,Ricardo,Rosset,0,16
27,1996,64,Pedro,Diniz,2,16
25,1996,79,Ukyo,Katayama,0,16
18,1996,83,Pedro,Lamy,0,16
6,1996,30,Michael,Schumacher,59,16
18,1996,21,Giancarlo,Fisichella,0,8
17,1996,22,Rubens,Barrichello,14,16
1,1996,14,David,Coulthard,18,16
29,1996,50,Jos,Verstappen,1,16
22,1996,55,Jean,Alesi,47,16
17,1996,84,Martin,Brundle,8,16
15,1996,65,Johnny,Herbert,4,16
28,1996,69,Luca,Badoer,0,10
28,1996,85,Andrea,Montermini,0,10
18,1996,58,Tarso,Marques,0,2
18,1996,86,Giovanni,Lavaggi,0,6
1,1997,14,David,Coulthard,36,17
6,1997,30,Michael,Schumacher,78,17
1,1997,57,Mika,Häkkinen,27,17
22,1997,77,Gerhard,Berger,27,14
20,1997,44,Olivier,Panis,16,10
15,1997,78,Nicola,Larini,1,5
20,1997,75,Shinji,Nakano,2,17
3,1997,49,Heinz-Harald,Frentzen,42,17
18,1997,15,Jarno,Trulli,0,7
21,1997,64,Pedro,Diniz,2,17
24,1997,22,Rubens,Barrichello,6,17
25,1997,63,Mika,Salo,2,17
24,1997,76,Jan,Magnussen,0,17
22,1997,55,Jean,Alesi,36,17
18,1997,79,Ukyo,Katayama,0,17
17,1997,21,Giancarlo,Fisichella,20,17
25,1997,50,Jos,Verstappen,0,17
17,1997,23,Ralf,Schumacher,13,17
3,1997,35,Jacques,Villeneuve,81,17
6,1997,56,Eddie,Irvine,24,17
15,1997,65,Johnny,Herbert,15,17
21,1997,71,Damon,Hill,7,17
26,1997,80,Vincenzo,Sospiri,0,1
26,1997,73,Ricardo,Rosset,0,1
15,1997,81,Gianni,Morbidelli,0,8
22,1997,25,Alexander,Wurz,4,3
20,1997,15,Jarno,Trulli,3,7
15,1997,82,Norberto,Fontana,0,4
18,1997,58,Tarso,Marques,0,10
1,1998,57,Mika,Häkkinen,100,16
1,1998,14,David,Coulthard,56,16
3,1998,49,Heinz-Harald,Frentzen,17,16
6,1998,56,Eddie,Irvine,47,16
3,1998,35,Jacques,Villeneuve,21,16
15,1998,65,Johnny,Herbert,1,16
22,1998,25,Alexander,Wurz,17,16
17,1998,71,Damon,Hill,20,16
20,1998,44,Olivier,Panis,0,16
22,1998,21,Giancarlo,Fisichella,16,16
15,1998,55,Jean,Alesi,9,16
20,1998,15,Jarno,Trulli,1,16
25,1998,73,Ricardo,Rosset,0,13
21,1998,63,Mika,Salo,3,16
18,1998,74,Esteban,Tuero,0,16
18,1998,75,Shinji,Nakano,0,16
6,1998,30,Michael,Schumacher,86,16
21,1998,64,Pedro,Diniz,3,16
17,1998,23,Ralf,Schumacher,14,16
24,1998,76,Jan,Magnussen,1,7
25,1998,68,Toranosuke,Takagi,0,16
24,1998,22,Rubens,Barrichello,4,16
24,1998,50,Jos,Verstappen,0,9
6,1999,56,Eddie,Irvine,74,16
17,1999,49,Heinz-Harald,Frentzen,54,16
3,1999,23,Ralf,Schumacher,35,16
22,1999,21,Giancarlo,Fisichella,13,16
24,1999,22,Rubens,Barrichello,21,16
21,1999,37,Pedro,"de la Rosa",1,16
21,1999,68,Toranosuke,Takagi,0,16
6,1999,30,Michael,Schumacher,44,10
16,1999,41,Ricardo,Zonta,0,13
18,1999,69,Luca,Badoer,0,15
22,1999,25,Alexander,Wurz,3,16
15,1999,64,Pedro,Diniz,3,16
18,1999,48,Marc,Gené,1,16
20,1999,15,Jarno,Trulli,7,16
20,1999,44,Olivier,Panis,2,16
1,1999,57,Mika,Häkkinen,76,16
3,1999,70,Alessandro,Zanardi,0,16
1,1999,14,David,Coulthard,48,16
16,1999,35,Jacques,Villeneuve,0,16
17,1999,71,Damon,Hill,7,16
15,1999,55,Jean,Alesi,2,16
24,1999,65,Johnny,Herbert,15,16
18,1999,72,Stéphane,Sarrazin,0,1
16,1999,63,Mika,Salo,0,3
6,1999,63,Mika,Salo,10,6
6,2000,30,Michael,Schumacher,108,17
6,2000,22,Rubens,Barrichello,62,17
3,2000,23,Ralf,Schumacher,24,17
16,2000,35,Jacques,Villeneuve,17,17
22,2000,21,Giancarlo,Fisichella,18,17
16,2000,41,Ricardo,Zonta,3,17
22,2000,25,Alexander,Wurz,2,17
18,2000,48,Marc,Gené,0,17
20,2000,2,Nick,Heidfeld,0,16
15,2000,63,Mika,Salo,6,17
3,2000,18,Jenson,Button,12,17
15,2000,64,Pedro,Diniz,0,17
18,2000,60,Gastón,Mazzacane,0,17
17,2000,49,Heinz-Harald,Frentzen,11,17
17,2000,15,Jarno,Trulli,6,17
20,2000,55,Jean,Alesi,0,17
1,2000,57,Mika,Häkkinen,89,17
21,2000,50,Jos,Verstappen,5,17
1,2000,14,David,Coulthard,73,17
21,2000,37,Pedro,"de la Rosa",2,17
19,2000,56,Eddie,Irvine,4,16
19,2000,65,Johnny,Herbert,0,17
19,2000,54,Luciano,Burti,0,1
6,2001,30,Michael,Schumacher,123,17
1,2001,14,David,Coulthard,65,17
6,2001,22,Rubens,Barrichello,56,17
15,2001,2,Nick,Heidfeld,12,17
17,2001,49,Heinz-Harald,Frentzen,6,10
15,2001,8,Kimi,Räikkönen,9,17
16,2001,44,Olivier,Panis,5,17
19,2001,54,Luciano,Burti,0,4
20,2001,55,Jean,Alesi,4,12
21,2001,50,Jos,Verstappen,1,17
19,2001,56,Eddie,Irvine,6,17
18,2001,4,Fernando,Alonso,0,17
22,2001,21,Giancarlo,Fisichella,8,17
22,2001,18,Jenson,Button,2,17
3,2001,31,Juan,"Pablo Montoya",31,17
17,2001,15,Jarno,Trulli,12,17
1,2001,57,Mika,Häkkinen,37,17
3,2001,23,Ralf,Schumacher,49,17
16,2001,35,Jacques,Villeneuve,12,17
18,2001,58,Tarso,Marques,0,14
21,2001,59,Enrique,Bernoldi,0,17
20,2001,60,Gastón,Mazzacane,0,4
20,2001,54,Luciano,Burti,0,10
19,2001,37,Pedro,"de la Rosa",3,13
17,2001,41,Ricardo,Zonta,0,2
17,2001,55,Jean,Alesi,1,5
20,2001,49,Heinz-Harald,Frentzen,0,5
20,2001,61,Tomáš,Enge,0,3
18,2001,62,Alex,Yoong,0,3
6,2002,30,Michael,Schumacher,144,17
3,2002,31,Juan,"Pablo Montoya",50,17
1,2002,8,Kimi,Räikkönen,24,17
19,2002,56,Eddie,Irvine,8,17
18,2002,17,Mark,Webber,2,17
7,2002,63,Mika,Salo,2,17
18,2002,62,Alex,Yoong,0,13
19,2002,37,Pedro,"de la Rosa",0,17
1,2002,14,David,Coulthard,41,17
16,2002,35,Jacques,Villeneuve,4,17
21,2002,49,Heinz-Harald,Frentzen,2,12
21,2002,59,Enrique,Bernoldi,0,12
17,2002,11,Takuma,Sato,2,17
4,2002,15,Jarno,Trulli,9,17
6,2002,22,Rubens,Barrichello,77,17
3,2002,23,Ralf,Schumacher,42,17
17,2002,21,Giancarlo,Fisichella,7,17
15,2002,13,Felipe,Massa,4,16
15,2002,2,Nick,Heidfeld,7,17
4,2002,18,Jenson,Button,14,17
16,2002,44,Olivier,Panis,3,17
7,2002,66,Allan,McNish,0,17
18,2002,19,Anthony,Davidson,0,2
15,2002,49,Heinz-Harald,Frentzen,0,1
1,2003,14,David,Coulthard,51,16
3,2003,31,Juan,"Pablo Montoya",82,16
1,2003,8,Kimi,Räikkönen,91,16
6,2003,30,Michael,Schumacher,93,16
4,2003,15,Jarno,Trulli,33,16
15,2003,49,Heinz-Harald,Frentzen,13,16
4,2003,4,Fernando,Alonso,55,16
3,2003,23,Ralf,Schumacher,58,15
16,2003,35,Jacques,Villeneuve,6,15
16,2003,18,Jenson,Button,17,16
18,2003,50,Jos,Verstappen,0,16
17,2003,21,Giancarlo,Fisichella,12,16
19,2003,42,Antônio,Pizzonia,0,11
7,2003,44,Olivier,Panis,6,16
15,2003,2,Nick,Heidfeld,6,16
18,2003,51,Justin,Wilson,0,11
19,2003,17,Mark,Webber,17,16
7,2003,43,Cristiano,"da Matta",10,16
17,2003,52,Ralph,Firman,1,14
6,2003,22,Rubens,Barrichello,65,16
18,2003,53,Nicolas,Kiesa,0,5
19,2003,51,Justin,Wilson,1,5
17,2003,47,Zsolt,Baumgartner,0,2
3,2003,48,Marc,Gené,4,1
16,2003,11,Takuma,Sato,3,1
6,2004,30,Michael,Schumacher,148,18
6,2004,22,Rubens,Barrichello,114,18
4,2004,4,Fernando,Alonso,59,18
3,2004,23,Ralf,Schumacher,24,12
3,2004,31,Juan,"Pablo Montoya",58,18
16,2004,18,Jenson,Button,85,18
4,2004,15,Jarno,Trulli,46,15
1,2004,14,David,Coulthard,24,18
16,2004,11,Takuma,Sato,34,18
15,2004,21,Giancarlo,Fisichella,22,18
19,2004,32,Christian,Klien,3,18
7,2004,43,Cristiano,"da Matta",3,12
7,2004,44,Olivier,Panis,6,17
17,2004,45,Giorgio,Pantano,0,14
15,2004,13,Felipe,Massa,12,18
17,2004,2,Nick,Heidfeld,3,18
18,2004,46,Gianmaria,Bruni,0,18
19,2004,17,Mark,Webber,7,18
18,2004,47,Zsolt,Baumgartner,1,18
1,2004,8,Kimi,Räikkönen,45,18
17,2004,10,Timo,Glock,2,4
3,2004,48,Marc,Gené,0,2
3,2004,42,Antônio,Pizzonia,6,4
7,2004,41,Ricardo,Zonta,0,5
4,2004,35,Jacques,Villeneuve,0,3
7,2004,15,Jarno,Trulli,0,2
4,2005,21,Giancarlo,Fisichella,58,19
6,2005,22,Rubens,Barrichello,38,19
4,2005,4,Fernando,Alonso,133,19
9,2005,14,David,Coulthard,24,19
3,2005,17,Mark,Webber,36,19
1,2005,31,Juan,"Pablo Montoya",60,17
9,2005,32,Christian,Klien,9,15
1,2005,8,Kimi,Räikkönen,112,19
7,2005,15,Jarno,Trulli,43,19
15,2005,13,Felipe,Massa,11,19
16,2005,18,Jenson,Button,37,17
7,2005,23,Ralf,Schumacher,45,18
15,2005,35,Jacques,Villeneuve,9,19
16,2005,11,Takuma,Sato,1,16
17,2005,39,Narain,Karthikeyan,5,19
17,2005,33,Tiago,Monteiro,7,19
18,2005,40,Patrick,Friesacher,3,11
6,2005,30,Michael,Schumacher,62,19
3,2005,2,Nick,Heidfeld,28,14
18,2005,27,Christijan,Albers,4,19
16,2005,19,Anthony,Davidson,0,1
1,2005,37,Pedro,"de la Rosa",4,1
1,2005,25,Alexander,Wurz,6,1
9,2005,24,Vitantonio,Liuzzi,1,4
7,2005,41,Ricardo,Zonta,0,1
18,2005,38,Robert,Doornbos,0,8
3,2005,42,Antônio,Pizzonia,2,5
4,2006,4,Fernando,Alonso,134,18
6,2006,30,Michael,Schumacher,121,18
1,2006,8,Kimi,Räikkönen,65,18
11,2006,18,Jenson,Button,56,18
1,2006,31,Juan,"Pablo Montoya",26,10
3,2006,17,Mark,Webber,7,18
3,2006,3,Nico,Rosberg,4,18
9,2006,32,Christian,Klien,2,15
6,2006,13,Felipe,Massa,80,18
9,2006,14,David,Coulthard,14,18
5,2006,24,Vitantonio,Liuzzi,1,18
2,2006,2,Nick,Heidfeld,23,18
5,2006,26,Scott,Speed,0,18
7,2006,23,Ralf,Schumacher,20,18
11,2006,22,Rubens,Barrichello,30,18
7,2006,15,Jarno,Trulli,15,18
13,2006,33,Tiago,Monteiro,0,14
8,2006,11,Takuma,Sato,0,18
8,2006,34,Yuji,Ide,0,4
2,2006,35,Jacques,Villeneuve,7,12
4,2006,21,Giancarlo,Fisichella,72,18
13,2006,27,Christijan,Albers,0,14
8,2006,36,Franck,Montagny,0,7
1,2006,37,Pedro,"de la Rosa",19,8
8,2006,29,Sakon,Yamamoto,0,7
2,2006,9,Robert,Kubica,6,6
14,2006,27,Christijan,Albers,0,4
14,2006,33,Tiago,Monteiro,0,4
9,2006,38,Robert,Doornbos,0,3
6,2007,8,Kimi,Räikkönen,110,17
1,2007,4,Fernando,Alonso,109,17
1,2007,1,Lewis,Hamilton,109,17
2,2007,2,Nick,Heidfeld,61,17
4,2007,21,Giancarlo,Fisichella,21,17
6,2007,13,Felipe,Massa,94,17
3,2007,3,Nico,Rosberg,20,17
7,2007,23,Ralf,Schumacher,5,17
7,2007,15,Jarno,Trulli,8,17
4,2007,5,Heikki,Kovalainen,30,17
11,2007,22,Rubens,Barrichello,0,17
8,2007,11,Takuma,Sato,4,17
9,2007,17,Mark,Webber,10,17
5,2007,24,Vitantonio,Liuzzi,3,17
11,2007,18,Jenson,Button,6,17
8,2007,19,Anthony,Davidson,0,17
12,2007,16,Adrian,Sutil,1,17
3,2007,25,Alexander,Wurz,13,16
9,2007,14,David,Coulthard,14,17
2,2007,9,Robert,Kubica,39,16
5,2007,26,Scott,Speed,0,10
12,2007,27,Christijan,Albers,0,9
2,2007,20,Sebastian,Vettel,1,1
12,2007,28,Markus,Winkelhock,0,1
5,2007,20,Sebastian,Vettel,5,7
12,2007,29,Sakon,Yamamoto,0,7
3,2007,6,Kazuki,Nakajima,0,1
1,2008,1,Lewis,Hamilton,98,18
2,2008,2,Nick,Heidfeld,60,18
3,2008,3,Nico,Rosberg,17,18
4,2008,4,Fernando,Alonso,61,18
1,2008,5,Heikki,Kovalainen,53,18
3,2008,6,Kazuki,Nakajima,9,18
5,2008,7,Sébastien,Bourdais,4,18
6,2008,8,Kimi,Räikkönen,75,18
2,2008,9,Robert,Kubica,75,18
7,2008,10,Timo,Glock,25,18
8,2008,11,Takuma,Sato,0,4
4,2008,12,Nelson,"Piquet Jr.",19,18
6,2008,13,Felipe,Massa,97,18
9,2008,14,David,Coulthard,8,18
7,2008,15,Jarno,Trulli,31,18
10,2008,16,Adrian,Sutil,0,18
9,2008,17,Mark,Webber,21,18
11,2008,18,Jenson,Button,3,18
8,2008,19,Anthony,Davidson,0,4
5,2008,20,Sebastian,Vettel,35,18
10,2008,21,Giancarlo,Fisichella,0,18
11,2008,22,Rubens,Barrichello,11,18
23,2009,18,Jenson,Button,95,17
23,2009,22,Rubens,Barrichello,77,17
7,2009,15,Jarno,Trulli,32.5,17
7,2009,10,Timo,Glock,24,15
4,2009,4,Fernando,Alonso,26,17
3,2009,3,Nico,Rosberg,34.5,17
5,2009,67,Sébastien,Buemi,6,17
5,2009,7,Sébastien,Bourdais,2,9
10,2009,16,Adrian,Sutil,5,17
2,2009,2,Nick,Heidfeld,19,17
10,2009,21,Giancarlo,Fisichella,8,12
9,2009,17,Mark,Webber,69.5,17
9,2009,20,Sebastian,Vettel,84,17
2,2009,9,Robert,Kubica,17,17
6,2009,8,Kimi,Räikkönen,48,17
6,2009,13,Felipe,Massa,22,10
4,2009,12,Nelson,"Piquet Jr.",0,10
3,2009,6,Kazuki,Nakajima,0,17
1,2009,5,Heikki,Kovalainen,22,17
1,2009,1,Lewis,Hamilton,49,17
5,2009,153,Jaime,Alguersuari,0,8
4,2009,154,Romain,Grosjean,0,7
6,2009,69,Luca,Badoer,0,2
6,2009,21,Giancarlo,Fisichella,0,5
10,2009,24,Vitantonio,Liuzzi,0,5
7,2009,155,Kamui,Kobayashi,3,2
6,2010,4,Fernando,Alonso,252,19
6,2010,13,Felipe,Massa,144,19
1,2010,1,Lewis,Hamilton,240,19
9,2010,20,Sebastian,Vettel,256,19
131,2010,3,Nico,Rosberg,142,19
131,2010,30,Michael,Schumacher,72,19
1,2010,18,Jenson,Button,214,19
9,2010,17,Mark,Webber,242,19
10,2010,24,Vitantonio,Liuzzi,21,19
3,2010,22,Rubens,Barrichello,47,19
4,2010,9,Robert,Kubica,136,19
10,2010,16,Adrian,Sutil,47,19
5,2010,153,Jaime,Alguersuari,5,19
3,2010,807,Nico,Hülkenberg,22,19
205,2010,5,Heikki,Kovalainen,0,19
5,2010,67,Sébastien,Buemi,8,19
205,2010,15,Jarno,Trulli,0,19
15,2010,37,Pedro,"de la Rosa",6,14
164,2010,811,Bruno,Senna,0,18
166,2010,10,Timo,Glock,0,19
4,2010,808,Vitaly,Petrov,27,19
15,2010,155,Kamui,Kobayashi,32,19
166,2010,810,Lucas,"di Grassi",0,19
164,2010,812,Karun,Chandhok,0,10
164,2010,29,Sakon,Yamamoto,0,7
15,2010,2,Nick,Heidfeld,6,5
164,2010,32,Christian,Klien,0,3
9,2011,20,Sebastian,Vettel,392,19
1,2011,1,Lewis,Hamilton,227,19
4,2011,808,Vitaly,Petrov,37,19
6,2011,4,Fernando,Alonso,257,19
9,2011,17,Mark,Webber,258,19
1,2011,18,Jenson,Button,270,19
6,2011,13,Felipe,Massa,118,19
5,2011,67,Sébastien,Buemi,15,19
10,2011,16,Adrian,Sutil,42,19
10,2011,814,Paul,"di Resta",27,19
5,2011,153,Jaime,Alguersuari,26,19
4,2011,2,Nick,Heidfeld,34,11
205,2011,15,Jarno,Trulli,0,18
166,2011,816,Jérôme,d'Ambrosio,0,19
166,2011,10,Timo,Glock,0,19
3,2011,22,Rubens,Barrichello,4,19
131,2011,3,Nico,Rosberg,89,19
205,2011,5,Heikki,Kovalainen,0,19
131,2011,30,Michael,Schumacher,76,19
3,2011,813,Pastor,Maldonado,1,19
15,2011,155,Kamui,Kobayashi,30,19
15,2011,815,Sergio,Pérez,14,18
164,2011,24,Vitantonio,Liuzzi,0,18
164,2011,39,Narain,Karthikeyan,0,9
15,2011,37,Pedro,"de la Rosa",0,1
164,2011,817,Daniel,Ricciardo,0,11
205,2011,812,Karun,Chandhok,0,1
4,2011,811,Bruno,Senna,2,8
1,2012,18,Jenson,Button,188,20
9,2012,20,Sebastian,Vettel,281,20
1,2012,1,Lewis,Hamilton,190,20
9,2012,17,Mark,Webber,179,20
6,2012,4,Fernando,Alonso,278,20
15,2012,155,Kamui,Kobayashi,60,20
208,2012,8,Kimi,Räikkönen,207,20
15,2012,815,Sergio,Pérez,66,20
5,2012,817,Daniel,Ricciardo,10,20
10,2012,814,Paul,"di Resta",46,20
5,2012,818,Jean-Éric,Vergne,16,20
131,2012,3,Nico,Rosberg,93,20
3,2012,813,Pastor,Maldonado,45,20
206,2012,10,Timo,Glock,0,20
206,2012,819,Charles,Pic,0,20
3,2012,811,Bruno,Senna,31,20
6,2012,13,Felipe,Massa,122,20
207,2012,5,Heikki,Kovalainen,0,20
207,2012,808,Vitaly,Petrov,0,20
131,2012,30,Michael,Schumacher,49,20
208,2012,154,Romain,Grosjean,96,19
10,2012,807,Nico,Hülkenberg,63,20
164,2012,37,Pedro,"de la Rosa",0,20
164,2012,39,Narain,Karthikeyan,0,20
208,2012,816,Jérôme,d'Ambrosio,0,1
208,2013,8,Kimi,Räikkönen,183,17
6,2013,4,Fernando,Alonso,242,19
9,2013,20,Sebastian,Vettel,397,19
6,2013,13,Felipe,Massa,112,19
131,2013,1,Lewis,Hamilton,189,19
9,2013,17,Mark,Webber,199,19
10,2013,16,Adrian,Sutil,29,19
10,2013,814,Paul,"di Resta",48,19
1,2013,18,Jenson,Button,73,19
208,2013,154,Romain,Grosjean,132,19
1,2013,815,Sergio,Pérez,49,19
5,2013,818,Jean-Éric,Vergne,13,19
15,2013,821,Esteban,Gutiérrez,6,19
3,2013,822,Valtteri,Bottas,4,19
206,2013,824,Jules,Bianchi,0,19
207,2013,819,Charles,Pic,0,19
206,2013,820,Max,Chilton,0,19
207,2013,823,Giedo,"van der Garde",0,19
5,2013,817,Daniel,Ricciardo,20,19
131,2013,3,Nico,Rosberg,171,19
3,2013,813,Pastor,Maldonado,1,19
15,2013,807,Nico,Hülkenberg,51,19
208,2013,5,Heikki,Kovalainen,0,2
131,2014,3,Nico,Rosberg,317,19
1,2014,825,Kevin,Magnussen,55,19
1,2014,18,Jenson,Button,126,19
6,2014,4,Fernando,Alonso,161,19
3,2014,822,Valtteri,Bottas,186,19
10,2014,807,Nico,Hülkenberg,96,19
6,2014,8,Kimi,Räikkönen,55,19
5,2014,818,Jean-Éric,Vergne,22,19
5,2014,826,Daniil,Kvyat,8,19
10,2014,815,Sergio,Pérez,59,19
15,2014,16,Adrian,Sutil,0,19
15,2014,821,Esteban,Gutiérrez,0,19
206,2014,820,Max,Chilton,0,16
206,2014,824,Jules,Bianchi,2,15
208,2014,154,Romain,Grosjean,8,19
208,2014,813,Pastor,Maldonado,2,19
207,2014,828,Marcus,Ericsson,0,16
9,2014,20,Sebastian,Vettel,167,19
131,2014,1,Lewis,Hamilton,384,19
3,2014,13,Felipe,Massa,134,19
207,2014,155,Kamui,Kobayashi,0,16
9,2014,817,Daniel,Ricciardo,238,19
207,2014,827,André,Lotterer,0,1
207,2014,829,Will,Stevens,0,1
131,2015,1,Lewis,Hamilton,381,19
131,2015,3,Nico,Rosberg,322,19
6,2015,20,Sebastian,Vettel,278,19
3,2015,13,Felipe,Massa,121,19
15,2015,831,Felipe,Nasr,27,19
9,2015,817,Daniel,Ricciardo,92,19
10,2015,807,Nico,Hülkenberg,58,19
15,2015,828,Marcus,Ericsson,9,19
5,2015,832,Carlos,Sainz,18,19
10,2015,815,Sergio,Pérez,78,19
1,2015,18,Jenson,Button,16,19
6,2015,8,Kimi,Räikkönen,150,19
5,2015,830,Max,Verstappen,49,19
208,2015,154,Romain,Grosjean,51,19
208,2015,813,Pastor,Maldonado,27,19
9,2015,826,Daniil,Kvyat,95,19
1,2015,825,Kevin,Magnussen,0,1
3,2015,822,Valtteri,Bottas,136,19
209,2015,833,Roberto,Merhi,0,13
1,2015,4,Fernando,Alonso,11,18
209,2015,829,Will,Stevens,0,18
209,2015,834,Alexander,Rossi,0,5
131,2016,3,Nico,Rosberg,385,21
131,2016,1,Lewis,Hamilton,380,21
6,2016,20,Sebastian,Vettel,212,21
9,2016,817,Daniel,Ricciardo,256,21
3,2016,13,Felipe,Massa,53,21
210,2016,154,Romain,Grosjean,29,21
10,2016,807,Nico,Hülkenberg,72,21
3,2016,822,Valtteri,Bottas,85,21
5,2016,832,Carlos,Sainz,46,21
5,2016,830,Max,Verstappen,13,4
4,2016,835,Jolyon,Palmer,1,21
4,2016,825,Kevin,Magnussen,7,21
10,2016,815,Sergio,Pérez,101,21
1,2016,18,Jenson,Button,21,21
15,2016,831,Felipe,Nasr,2,21
209,2016,836,Pascal,Wehrlein,1,21
15,2016,828,Marcus,Ericsson,0,21
6,2016,8,Kimi,Räikkönen,186,21
209,2016,837,Rio,Haryanto,0,12
210,2016,821,Esteban,Gutiérrez,0,21
1,2016,4,Fernando,Alonso,54,20
9,2016,826,Daniil,Kvyat,21,4
1,2016,838,Stoffel,Vandoorne,1,1
9,2016,830,Max,Verstappen,191,17
5,2016,826,Daniil,Kvyat,4,17
209,2016,839,Esteban,Ocon,0,9
6,2017,20,Sebastian,Vettel,317,20
131,2017,1,Lewis,Hamilton,363,20
131,2017,822,Valtteri,Bottas,305,20
6,2017,8,Kimi,Räikkönen,205,20
9,2017,830,Max,Verstappen,168,20
3,2017,13,Felipe,Massa,43,19
10,2017,815,Sergio,Pérez,100,20
5,2017,832,Carlos,Sainz,48,16
5,2017,826,Daniil,Kvyat,5,15
10,2017,839,Esteban,Ocon,87,20
4,2017,807,Nico,Hülkenberg,43,20
15,2017,841,Antonio,Giovinazzi,0,2
1,2017,838,Stoffel,Vandoorne,13,20
1,2017,4,Fernando,Alonso,17,19
210,2017,825,Kevin,Magnussen,19,20
3,2017,840,Lance,Stroll,40,20
9,2017,817,Daniel,Ricciardo,200,20
15,2017,828,Marcus,Ericsson,0,20
4,2017,835,Jolyon,Palmer,8,16
210,2017,154,Romain,Grosjean,28,20
15,2017,836,Pascal,Wehrlein,5,18
1,2017,18,Jenson,Button,0,1
3,2017,814,Paul,"di Resta",0,1
5,2017,842,Pierre,Gasly,0,5
4,2017,832,Carlos,Sainz,6,4
5,2017,843,Brendon,Hartley,0,4
6,2018,20,Sebastian,Vettel,320,21
131,2018,1,Lewis,Hamilton,408,21
6,2018,8,Kimi,Räikkönen,251,21
9,2018,817,Daniel,Ricciardo,170,21
1,2018,4,Fernando,Alonso,50,21
9,2018,830,Max,Verstappen,249,21
4,2018,807,Nico,Hülkenberg,69,21
131,2018,822,Valtteri,Bottas,247,21
1,2018,838,Stoffel,Vandoorne,12,21
4,2018,832,Carlos,Sainz,53,21
10,2018,815,Sergio,Pérez,62,21
10,2018,839,Esteban,Ocon,49,21
15,2018,844,Charles,Leclerc,39,21
3,2018,840,Lance,Stroll,6,21
5,2018,843,Brendon,Hartley,4,21
210,2018,154,Romain,Grosjean,37,21
210,2018,825,Kevin,Magnussen,56,21
5,2018,842,Pierre,Gasly,29,21
15,2018,828,Marcus,Ericsson,9,21
3,2018,845,Sergey,Sirotkin,1,21
131,2019,822,Valtteri,Bottas,326,21
131,2019,1,Lewis,Hamilton,413,21
9,2019,830,Max,Verstappen,278,21
6,2019,20,Sebastian,Vettel,240,21
6,2019,844,Charles,Leclerc,264,21
210,2019,825,Kevin,Magnussen,20,21
4,2019,807,Nico,Hülkenberg,37,21
51,2019,8,Kimi,Räikkönen,43,21
211,2019,840,Lance,Stroll,21,21
5,2019,826,Daniil,Kvyat,37,21
9,2019,842,Pierre,Gasly,63,12
1,2019,846,Lando,Norris,49,21
211,2019,815,Sergio,Pérez,52,21
5,2019,848,Alexander,Albon,16,12
51,2019,841,Antonio,Giovinazzi,14,21
3,2019,847,George,Russell,0,21
3,2019,9,Robert,Kubica,1,21
210,2019,154,Romain,Grosjean,8,21
4,2019,817,Daniel,Ricciardo,54,21
1,2019,832,Carlos,Sainz,96,21
9,2019,848,Alexander,Albon,76,9
5,2019,842,Pierre,Gasly,32,9
131,2020,822,Valtteri,Bottas,223,17
6,2020,844,Charles,Leclerc,98,17
1,2020,846,Lando,Norris,97,17
131,2020,1,Lewis,Hamilton,347,16
1,2020,832,Carlos,Sainz,105,17
211,2020,815,Sergio,Pérez,125,15
213,2020,842,Pierre,Gasly,75,17
4,2020,839,Esteban,Ocon,62,17
51,2020,841,Antonio,Giovinazzi,4,17
6,2020,20,Sebastian,Vettel,33,17
3,2020,849,Nicholas,Latifi,0,17
213,2020,826,Daniil,Kvyat,32,17
9,2020,848,Alexander,Albon,105,17
51,2020,8,Kimi,Räikkönen,4,17
3,2020,847,George,Russell,0,16
210,2020,154,Romain,Grosjean,2,15
210,2020,825,Kevin,Magnussen,1,17
211,2020,840,Lance,Stroll,75,16
4,2020,817,Daniel,Ricciardo,119,17
9,2020,830,Max,Verstappen,214,17
211,2020,807,Nico,Hülkenberg,10,3
131,2020,847,George,Russell,3,1
3,2020,851,Jack,Aitken,0,1
210,2020,850,Pietro,Fittipaldi,0,2
131,2021,1,Lewis,Hamilton,385.5,22
9,2021,830,Max,Verstappen,388.5,22
214,2021,4,Fernando,Alonso,81,22
9,2021,815,Sergio,Pérez,190,22
214,2021,839,Esteban,Ocon,74,22
117,2021,840,Lance,Stroll,34,22
6,2021,832,Carlos,Sainz,163.5,22
6,2021,844,Charles,Leclerc,159,22
1,2021,846,Lando,Norris,160,22
117,2021,20,Sebastian,Vettel,43,22
213,2021,842,Pierre,Gasly,110,22
1,2021,817,Daniel,Ricciardo,114,22
213,2021,852,Yuki,Tsunoda,32,22
51,2021,8,Kimi,Räikkönen,10,20
51,2021,841,Antonio,Giovinazzi,3,22
210,2021,854,Mick,Schumacher,0,22
3,2021,847,George,Russell,16,22
210,2021,853,Nikita,Mazepin,0,22
3,2021,849,Nicholas,Latifi,7,22
131,2021,822,Valtteri,Bottas,219,22
51,2021,9,Robert,Kubica,0,2
6,2022,844,Charles,Leclerc,291,22
6,2022,832,Carlos,Sainz,228,22
131,2022,1,Lewis,Hamilton,233,22
131,2022,847,George,Russell,262,22
210,2022,825,Kevin,Magnussen,21,22
51,2022,822,Valtteri,Bottas,47,22
214,2022,839,Esteban,Ocon,89,22
213,2022,852,Yuki,Tsunoda,12,22
214,2022,4,Fernando,Alonso,81,22
51,2022,855,Guanyu,Zhou,6,22
210,2022,854,Mick,Schumacher,12,22
117,2022,840,Lance,Stroll,18,22
3,2022,848,Alexander,Albon,4,21
1,2022,817,Daniel,Ricciardo,34,22
1,2022,846,Lando,Norris,116,22
3,2022,849,Nicholas,Latifi,2,22
117,2022,807,Nico,Hülkenberg,0,2
9,2022,815,Sergio,Pérez,291,22
9,2022,830,Max,Verstappen,433,22
213,2022,842,Pierre,Gasly,23,22
117,2022,20,Sebastian,Vettel,37,20
3,2022,856,Nyck,"de Vries",2,1
9,2023,830,Max,Verstappen,530,22
9,2023,815,Sergio,Pérez,260,22
117,2023,4,Fernando,Alonso,198,22
6,2023,832,Carlos,Sainz,178,22
131,2023,1,Lewis,Hamilton,217,22
117,2023,840,Lance,Stroll,68,22
131,2023,847,George,Russell,157,22
51,2023,822,Valtteri,Bottas,10,22
214,2023,842,Pierre,Gasly,54,22
3,2023,848,Alexander,Albon,25,22
213,2023,852,Yuki,Tsunoda,14,22
3,2023,858,Logan,Sargeant,1,22
210,2023,825,Kevin,Magnussen,3,22
213,2023,856,Nyck,"de Vries",0,10
210,2023,807,Nico,Hülkenberg,6,22
51,2023,855,Guanyu,Zhou,6,22
1,2023,846,Lando,Norris,184,22
214,2023,839,Esteban,Ocon,56,22
6,2023,844,Charles,Leclerc,185,22
1,2023,857,Oscar,Piastri,82,22
213,2023,817,Daniel,Ricciardo,6,7
213,2023,859,Liam,Lawson,2,5
9,2024,830,Max,Verstappen,399,24
9,2024,815,Sergio,Pérez,138,24
6,2024,832,Carlos,Sainz,262,23
6,2024,844,Charles,Leclerc,327,24
131,2024,847,George,Russell,226,24
1,2024,846,Lando,Norris,344,24
131,2024,1,Lewis,Hamilton,207,24
1,2024,857,Oscar,Piastri,265,24
117,2024,4,Fernando,Alonso,70,24
117,2024,840,Lance,Stroll,24,24
15,2024,855,Guanyu,Zhou,4,24
210,2024,825,Kevin,Magnussen,14,22
215,2024,817,Daniel,Ricciardo,7,18
215,2024,852,Yuki,Tsunoda,29,24
3,2024,848,Alexander,Albon,12,24
210,2024,807,Nico,Hülkenberg,36,24
214,2024,839,Esteban,Ocon,23,23
214,2024,842,Pierre,Gasly,40,24
15,2024,822,Valtteri,Bottas,0,24
3,2024,858,Logan,Sargeant,0,14
6,2024,860,Oliver,Bearman,6,1
3,2024,861,Franco,Colapinto,5,9
210,2024,860,Oliver,Bearman,1,2
215,2024,859,Liam,Lawson,4,6
214,2024,862,Jack,Doohan,0,1
